Customer shall not produce any of ODP Business Solutions proprietary and confidential information without ODP Business Solutions prior written consent.  ,,,,,,,,
"Upon notice to ODP Business Solutions of any request for its confidential information, Customer shall allow ODP Business Solutions to determine, in its sole discretion, ",,,,,,,,
"the relevant material to disclose, if any.  Customer shall assume all of ODP Business Solutions information provided to Customer is confidential. ",,,,,,,,
,,,,,,,,
 5/3 ,,,,,,,,
"Reporting Period: May 1, 2022 - May 1, 2023",,,,,,,,
Depot Product Code,Product Description,Wholesaler Product Code,Primary Supplier Id,Primary Supplier Name,Merch Dept,Pack Qty,UOM,Qty Sold
112495,"TONER,OD REMAN,HP 4600,BLACK",OD4600B,1005539,CLOVER IMAGING GROUP LLC,65-Toners/other imaging,1,EA,2
114756,"TONER,HP 51A,LASERJET,BLACK",Q7551A,419894,HP INC,65-Toners/other imaging,1,EA,2
1159969,"TONER,HP,212A,CYN",5992844,7219,TD SYNNEX CORPORATION,65-Toners/other imaging,1,EA,173
1183283,OEM Ink Parts,CN459-67006,1069337,DISTRIBUTION MANAGEMENT INC,14-Inkjet cartridges,1,EA,1
122318,"INK,HP,BLK,OJ",B5L09A,419894,HP INC,14-Inkjet cartridges,1,EA,39
1365895,Lexmark E260A31G Corporate Ctg,E260A31G,6229,LEXMARK INTL INC,65-Toners/other imaging,1,EA,1
141233,"INK.HP,728,130 ML,YELLOW",3A4686,8765,INGRAM MICRO INC,14-Inkjet cartridges,1,EA,3
146363,"TONER,HP,B5L37A",4158218,7219,TD SYNNEX CORPORATION,65-Toners/other imaging,1,EA,13
153938,"TONER,50F1H0E,REMAN,LXMRK,BLK",50F1H0E,6229,LEXMARK INTL INC,65-Toners/other imaging,1,EA,95
154383,"TONER,HP,MPS,508X,CYAN",CF361XC,419894,HP INC,65-Toners/other imaging,1,EA,24
154414,"CARTRIDGE,LASER,Q2612A",Q2612A,3061,HP INC,65-Toners/other imaging,1,EA,3
171264,"TONER,HP,657XC,LSRJET,CYAN",CF471XC,419894,HP INC,65-Toners/other imaging,1,EA,38
1859074,"TONER,HP,212A,YLW",W2122A,419894,HP INC,65-Toners/other imaging,1,EA,147
196326,"TONER,LJ,HP CC364XC,BLACK",CC364XC,419894,HP INC,65-Toners/other imaging,1,EA,44
197554,"CRTDG,MICR,CE255A,6K",ELI75489,100,SP RICHARDS,65-Toners/other imaging,1,EA,2
199035,"TONER,LJ,HP CE505XC,BLACK",CE505XC,3061,HP INC,65-Toners/other imaging,1,EA,7
209567,"TONER,REMAN,3.5K,LEXMARK",E260A80G,6229,LEXMARK INTL INC,65-Toners/other imaging,1,EA,337
213236,"TONER,HP CF320XC,BLACK",CF320XC,419894,HP INC,65-Toners/other imaging,1,EA,271
213240,"TONER,HP,CF321AC,CNT,CYAN",CF321AC,419894,HP INC,65-Toners/other imaging,1,EA,263
213276,"TONER,HP,CF322AC,CNT,YELLOW",CF322AC,419894,HP INC,65-Toners/other imaging,1,EA,131
213344,"TONER,HP,CF323AC,CNT,MAGENTA",CF323AC,419894,HP INC,65-Toners/other imaging,1,EA,154
213375,"TONER,HP LJ CF330XC,BLACK",CF330XC,419894,HP INC,65-Toners/other imaging,1,EA,8
213395,"TONER,HP LJ CF331AC,CYAN",CF331AC,419894,HP INC,65-Toners/other imaging,1,EA,8
213782,"TONER, HP CF332AC,YELLOW",CF332AC,419894,HP INC,65-Toners/other imaging,1,EA,6
213803,"TONER,HP,LJ CF333AC,MAGENTA",CF333AC,419894,HP INC,65-Toners/other imaging,1,EA,7
223295,"INK,HP65XL,HIGHYIELD,COLOR",N9K03AN#140,3061,HP INC,14-Inkjet cartridges,1,EA,7
224744,RECYCLING PROGRAM,224744,8888,CATALOGS & BSD PRINTING,14-Inkjet cartridges,1,EA,18
231939,"TONER,LJ CE285A,HP,BLACK",CE285A,3061,HP INC,65-Toners/other imaging,1,EA,3
233555,"TONER,HP,LJ,655A,BLACK",CF450A,419894,HP INC,65-Toners/other imaging,1,EA,412
238160,"HEWLETT PACKARD,952,BLACK",F6U15AN#140,3061,HP INC,14-Inkjet cartridges,1,EA,2
243134,"CRTDG,DSNJ,HP727,CYN,300ML",3A4092,8765,INGRAM MICRO INC,14-Inkjet cartridges,1,EA,9
246428,TONER LASERJET 26A BLACK,CF226A,3061,HP INC,65-Toners/other imaging,1,EA,43
2487170,"TONER,HP,W2120XC,CNTRCT,BLK",W2120XC,419894,HP INC,65-Toners/other imaging,1,EA,24
250001,"TONER,HP,CF411XC,CY",CF411XC,419894,HP INC,65-Toners/other imaging,1,EA,3
250725,"TONER,HP,CF287XC,BLK",CF287XC,3061,HP INC,65-Toners/other imaging,1,EA,36
262061,"CRTDG,LSR,DELL D2150M,MA",ELI75960,100,SP RICHARDS,65-Toners/other imaging,1,EA,1
262331,"HEWLETT PACKARD,952XL,CYAN",L0S61AN#140,3061,HP INC,14-Inkjet cartridges,1,EA,3
262890,"TONER,LEX E240,TAA COMPLIANT",24060SW,1069337,DISTRIBUTION MANAGEMENT INC,65-Toners/other imaging,1,EA,2
2629623,"TONER,HP,655A,4 CLR,CMYK",HP655ASET-OD,1069337,DISTRIBUTION MANAGEMENT INC,65-Toners/other imaging,4,PK,6
264643,"TONER,HP,CE390X,HY,BLACK",OD90X,1005539,CLOVER IMAGING GROUP LLC,65-Toners/other imaging,1,EA,13
271224,"INK,EPSON,T802XL420-S,YELLOW",T802XL420-S,1351,EPSON AMERICA INC,14-Inkjet cartridges,1,EA,1
2717529,OEM Tnr,5646911,7219,TD SYNNEX CORPORATION,65-Toners/other imaging,1,EA,2
2719650,Compatible Toner,MSE02214216,1069337,DISTRIBUTION MANAGEMENT INC,65-Toners/other imaging,1,EA,1
282412,"CorrRbn,IBM Wheelwriter,blk",R5110,472968,CLOVER IMAGING GROUP LLC,65-Toners/other imaging,1,EA,2
284748,"TONER,DELL215X,HY,MAGENTA",8WNV5,455461,DELL MARKETING LP,65-Toners/other imaging,1,EA,1
2866047,"INK,CARTRIDGE,HP,910,COMBO,3PK",3YN97AN#140,3061,HP INC,14-Inkjet cartridges,1,EA,2
295223,"CARTRIDGE,HP LJ Q7553A,BLACK",Q7553A,419894,HP INC,65-Toners/other imaging,1,EA,2
296525,"TONER,HP,653X LJ MFP 680,CYAN",545-681-ODP,418292,IMAGE PROJECTIONS WEST INC,65-Toners/other imaging,1,EA,2
3077412,CATRIDGE HIGH YIELD RETURN PRO,E360H41G,1069337,DISTRIBUTION MANAGEMENT INC,14-Inkjet cartridges,1,EA,1
308633,"CRTDG,DSNJT,HP727,PBK,300ML",F9J79A,3061,HP INC,14-Inkjet cartridges,1,EA,2
319055,"CARTRIDGE,LASERJET 4600,CYAN",C9721A,419894,HP INC,65-Toners/other imaging,1,EA,1
319099,"CARTRIDGE,LSRJET 4600,MAGENTA",C9723A,419894,HP INC,65-Toners/other imaging,1,EA,3
319209,"CARTRIDGE,LASERJET 4600,YELLOW",C9722A,419894,HP INC,65-Toners/other imaging,1,EA,2
319275,"CARTRIDGE,LASERJET 4600,BLACK",C9720A,419894,HP INC,65-Toners/other imaging,1,EA,2
320111,"INK,HP,PAGEWIDE,981A,BLACK",J3M71A,3061,HP INC,14-Inkjet cartridges,1,EA,133
320549,"INK,HP,EXTRA HY,981Y,CYAN",L0R13A,3061,HP INC,14-Inkjet cartridges,1,EA,201
323093,"INK,HP,64XL,OG,BLACK,CARTRIDGE",N9J92AN#140,3061,HP INC,14-Inkjet cartridges,1,EA,1
327797,"HEWLETT PACKARD,952,CYAN",L0S49AN#140,3061,HP INC,14-Inkjet cartridges,1,EA,1
328822,"TONER,F/M4555,HY MPS,BLACK",CE390XC,419894,HP INC,65-Toners/other imaging,1,EA,76
3293513,110V MNT KIT FOR LASERJET,8W0116,8765,INGRAM MICRO INC,14-Inkjet cartridges,1,EA,23
3334964,"TONER,HP,212X,HY,YLW",W2122X,419894,HP INC,65-Toners/other imaging,1,EA,13
342840,"TONER,HP,CF226XC,BLK",CF226XC,419894,HP INC,65-Toners/other imaging,1,EA,884
344724,"TONER,HP LJ CF033A,MAGENTA",DR9299,8765,INGRAM MICRO INC,65-Toners/other imaging,1,EA,6
344909,"DRUM,IMAGE,HP,828A,LJ,BLACK",CF358A,419894,HP INC,65-Toners/other imaging,1,EA,26
344918,"DRUM,HP,828A,LJ,CYAN",CF359A,419894,HP INC,65-Toners/other imaging,1,EA,27
344954,"DRUM,LJ,828A,HP,YELLOW",CF364A,419894,HP INC,65-Toners/other imaging,1,EA,26
344963,"DRUM,HP,828A,LJ,MAGENTA",TH3738,8765,INGRAM MICRO INC,65-Toners/other imaging,1,EA,26
353058,HP CE249A - printer transfer k,HEWCE249A,413395,SP RICHARDS,65-Toners/other imaging,1,EA,30
3555684,"TONER,HP,W2121XC,CNTRCT,CYN",W2121XC,419894,HP INC,65-Toners/other imaging,1,EA,16
357508,"CARTRIDGE,HP,LJ9000,STAPLE",C8091A,1069337,DISTRIBUTION MANAGEMENT INC,65-Toners/other imaging,1,EA,1
3601024,"INK,BROTHER,LC3037C,CYAN",BRTLC3037C,100,SP RICHARDS,14-Inkjet cartridges,1,EA,1
3655952,"TONER,HP,26A,BLACK,2PK",CF226A2PK-OD,1069337,DISTRIBUTION MANAGEMENT INC,65-Toners/other imaging,1,EA,3
371094,"TONER,HP P3005,Q7551X,MICR,HY",MCR51XM,460088,CLOVER IMAGING GROUP LLC,65-Toners/other imaging,1,EA,6
3720558,"INK,BROTHER,LC30373PKS,CMY",LC30373PKS,1614,BROTHER INTL CORP,14-Inkjet cartridges,3,PK,4
374421,"INK,HP,PGWD,HIYLD,981X,CYAN",HEWL0R09A,100,SP RICHARDS,14-Inkjet cartridges,1,EA,23
374785,"TONER,HP CF281XC,HY,BLACK",CF281XC,419894,HP INC,65-Toners/other imaging,1,EA,133
379000,"Lexmark International, Inc E36",KW4819,8765,INGRAM MICRO INC,65-Toners/other imaging,1,EA,119
380433,"HEWLETT PACKARD,952XL,BLACK",F6U19AN#140,3061,HP INC,14-Inkjet cartridges,1,EA,6
382399,"TONER,2035/2055 MICR SCR",1045408,1247105,A B DISTRIBUTING INC,65-Toners/other imaging,1,EA,3
385702,"TONER,HP 80A,BLACK",CF280A,3061,HP INC,65-Toners/other imaging,1,EA,1
391044,"RIBBON,EPSON,TM291,BLACK",EPSERC27B,100,SP RICHARDS,65-Toners/other imaging,1,EA,2277
3919316,"INK,CARTRIDGE,HP,910XL,BLACK",3YL65AN#140,3061,HP INC,14-Inkjet cartridges,1,EA,2
392430,"TONER,HP CC364A,BLACK",CC364A,419894,HP INC,65-Toners/other imaging,1,EA,18
3965461,"INK,CARTRIDGE,HP,962,BLACK",3HZ99AN#140,3061,HP INC,14-Inkjet cartridges,1,EA,4
399513,"INK,HP,PGWD,HIYLD,981X,YELLOW",HEWL0R11A,100,SP RICHARDS,14-Inkjet cartridges,1,EA,15
406351,"TONER,REMAN,OD09A,5SI,8000,5SI",OD09A,1005539,CLOVER IMAGING GROUP LLC,65-Toners/other imaging,1,EA,1
408459,"TONER,HP,LJ,655A,YELLOW",CF452A,419894,HP INC,65-Toners/other imaging,1,EA,202
410507,"INK.HP,728,130 ML,MAGENTA",3A4687,8765,INGRAM MICRO INC,14-Inkjet cartridges,1,EA,3
4146812,"TONER,HP,212A,4 CLR,CMYK",HP212ASET-OD,1069337,DISTRIBUTION MANAGEMENT INC,65-Toners/other imaging,4,PK,1
415612,HP 727 DESIGNJET PRINTHEAD,B3P06A,3061,HP INC,65-Toners/other imaging,1,EA,1
416413,"INK,HP,PAGEWIDE,981A,YELLOW",J3M70A,3061,HP INC,14-Inkjet cartridges,1,EA,4
416637,E260/E36X/E46X PRINT CARTRIDGE,E260A21A,6229,LEXMARK INTL INC,65-Toners/other imaging,1,EA,9
421241,"TONER,HP,LJ,655A,CYAN",CF451A,419894,HP INC,65-Toners/other imaging,1,EA,321
429588,"TONER,HP,CF413XC,MG",CF413XC,419894,HP INC,65-Toners/other imaging,1,EA,1
430898,"TONER,REPLACE,DELL,2150,BK",200656,460088,CLOVER IMAGING GROUP LLC,65-Toners/other imaging,1,EA,2
4310379,"INK,CARTRIDGE,HP,962XL,MAGENTA",3JA01AN#140,3061,HP INC,14-Inkjet cartridges,1,EA,40
431632,"INK,HP,952,CMYB,COMBO",N9K28AN#140,3061,HP INC,14-Inkjet cartridges,1,EA,8
432892,"TONER,13X,HIGH YIELD",Q2613X,419894,HP INC,65-Toners/other imaging,1,EA,14
4336815,"TONER,HP,W2123XC,CNTRCT,MGT",W2123XC,419894,HP INC,65-Toners/other imaging,1,EA,11
4391266,"INK,REPL,HP,727,GRAY",WH727GY,460088,CLOVER IMAGING GROUP LLC,14-Inkjet cartridges,1,EA,3
440263,HP - fuser kit,2946251,7219,TD SYNNEX CORPORATION,65-Toners/other imaging,1,EA,6
440472,"MICR TONER,HP LJ 4000",MCMMICRTJN400,100,SP RICHARDS,65-Toners/other imaging,1,EA,1
444590,"Toner,HP CB541A,Cyan",CB541A,419894,HP INC,65-Toners/other imaging,1,EA,1
449623,"RIBBON,VERFONE 900R6/PK,BLK/RD",11326,479663,IDENTITY GROUP,65-Toners/other imaging,6,PK,5
451389,"TONER,HP,CE401AC,CYAN",CE401YC,419894,HP INC,65-Toners/other imaging,1,EA,2
4514022,OEM Toner,CE390JC,1069337,DISTRIBUTION MANAGEMENT INC,65-Toners/other imaging,1,EA,1
4515791,"TONER,MICR,NEW,HPCF237A",4977517,7219,TD SYNNEX CORPORATION,65-Toners/other imaging,1,EA,38
452957,"TONER,HP,MPS,508X,YLW",CF362XC,419894,HP INC,65-Toners/other imaging,1,EA,18
456435,"CRTDG,DNJ,HP 72,130ML,PB",C9370A,3061,HP INC,14-Inkjet cartridges,1,EA,1
456450,"CRTDG,DNJ,HP 72,130ML,CY",C9371A,3061,HP INC,14-Inkjet cartridges,1,EA,4
456455,"CRTDG,DNJ,HP 72,130ML,MA",C9372A,3061,HP INC,14-Inkjet cartridges,1,EA,1
456460,"CRTDG,DNJ,HP 72,130ML,YW",J99994,8765,INGRAM MICRO INC,14-Inkjet cartridges,1,EA,1
456465,"CRTDG,DNJ,HP 72,130ML,GY",J99993,8765,INGRAM MICRO INC,14-Inkjet cartridges,1,EA,2
456565,"CRTDG,DNJ,HP 72,130ML,MTT B",C9403A,3061,HP INC,14-Inkjet cartridges,1,EA,2
457951,"TONER,HP,LJ,CF402YC,YELLOW",CE402YC,419894,HP INC,65-Toners/other imaging,1,EA,1
458174,"TONER,HP,CF403CY,MAGENTA",CE403YC,419894,HP INC,65-Toners/other imaging,1,EA,1
462962,"TONER,LJ,507A,HP,MAGENTA",CE403AG,1069337,DISTRIBUTION MANAGEMENT INC,65-Toners/other imaging,1,EA,1
472576,"HEWLETT PACKARD,952,CMY,3 PACK",N9K27AN#140,3061,HP INC,14-Inkjet cartridges,1,EA,11
472668,"Toner,Laser,Troy,13000,Black",745-51X-HTI,709701,HOFFMAN TECHNOLOGIES INC,65-Toners/other imaging,1,EA,10
474442,"TONER,HP PL5T MPS,BLACK",CF280XC,3061,HP INC,65-Toners/other imaging,1,EA,1199
4867914,"TONER,HP,148X,W1480X,BLK",W1480X,3061,HP INC,65-Toners/other imaging,1,EA,7
487404,"TONER,HP,CE260A,BLACK",CE260A,419894,HP INC,65-Toners/other imaging,1,EA,67
487764,"TONER,HP,CE261A,CYAN",CE261A,419894,HP INC,65-Toners/other imaging,1,EA,5
487908,"TONER,HP,CE262A,YELLOW",CE262A,419894,HP INC,65-Toners/other imaging,1,EA,6
487953,"TONER,HP,CE263A,MAGENTA",CE263A,419894,HP INC,65-Toners/other imaging,1,EA,5
488043,"TONER,HP CE265A,COLLECTION",CE265A,419894,HP INC,65-Toners/other imaging,1,EA,66
493274,"HP410A,TONER,MAGENTA",CF413A,419894,HP INC,65-Toners/other imaging,1,EA,1
4969007,"INK,BROTHER,LC3037,KCMY,4PK",LC30374PKS,1614,BROTHER INTL CORP,14-Inkjet cartridges,1,EA,3
4995346,"TONER,HP,147A,BLK",7WB761,8765,INGRAM MICRO INC,65-Toners/other imaging,1,EA,60
502589,"CRTDG,TONER,RTN PRGM,501",50F1000,6229,LEXMARK INTL INC,65-Toners/other imaging,1,EA,1
508901,"TONER,LJ,HP 508A,BLK ORG",CF360A,419894,HP INC,65-Toners/other imaging,1,EA,4
508946,"TONER,LJ,HP 508A,CYAN ORG",CF361A,419894,HP INC,65-Toners/other imaging,1,EA,5
508962,"TONER,LJ,HP 508A,YLLW ORG",CF362A,419894,HP INC,65-Toners/other imaging,1,EA,3
509111,"TONER,HP 508A,MAG ORG",CF363A,419894,HP INC,65-Toners/other imaging,1,EA,2
509369,"INK,HP,63,TRICOLOR",F6U61AN#140,3061,HP INC,14-Inkjet cartridges,1,EA,1
509394,"INK,CARTRIDGE,HP 63,BLACK",F6U62AN#140,3061,HP INC,14-Inkjet cartridges,1,EA,4
515000,"INK,EPSON,T802XL220-S,CYAN",T802XL220-S,1351,EPSON AMERICA INC,14-Inkjet cartridges,1,EA,1
523218,"INK,CARTRIDGE,HP 63XL,BLACK",F6U64AN#140,3061,HP INC,14-Inkjet cartridges,1,EA,1
523914,"INK,HP 61,BLACK",CH561WN#140,3061,HP INC,14-Inkjet cartridges,1,EA,1
523932,"INK,HP 61,TRICOLOR",CH562WN#140,3061,HP INC,14-Inkjet cartridges,1,EA,1
523959,"INK,HP 61XL,BLACK",CH563WN#140,3061,HP INC,14-Inkjet cartridges,1,EA,1
524022,"INK,HP 61XL,TRI-COLOR",CH564WN#140,3061,HP INC,14-Inkjet cartridges,1,EA,1
534054,"TONER,HP,657XC,LSRJET,YELLOW",CF472XC,419894,HP INC,65-Toners/other imaging,1,EA,23
535678,"RIBBON,VERIFONE 900R,6/BX,PE",11327,479663,IDENTITY GROUP,65-Toners/other imaging,6,BX,7
5356812,Cmpt Tnr Lexmark Black,200368P,1069337,DISTRIBUTION MANAGEMENT INC,65-Toners/other imaging,1,EA,6
536214,"CRTDG,LSR,DELL D2150B,BK",ELI75958,100,SP RICHARDS,65-Toners/other imaging,1,EA,1
537259,"TONER, CE390XG,BLACK",CE390XG,1069337,DISTRIBUTION MANAGEMENT INC,65-Toners/other imaging,1,EA,1
538514,"TONER,REPLACE,DELL,2150,CY",200657,460088,CLOVER IMAGING GROUP LLC,65-Toners/other imaging,1,EA,3
538807,COLOR LASERJET 220V FUSER KIT,2894313,7219,TD SYNNEX CORPORATION,14-Inkjet cartridges,1,EA,2
539167,HP fuser kit,HEWCE246A,100,SP RICHARDS,14-Inkjet cartridges,1,EA,30
539507,"TONER,HP M451 (CE410A),BLK",545-10A-HTI,709701,HOFFMAN TECHNOLOGIES INC,77-Military stores,1,EA,1
539543,"TONER,HP M451 (CE411A), CYAN",545-11A-HTI,709701,HOFFMAN TECHNOLOGIES INC,77-Military stores,1,EA,1
539588,"TONER,HP M451 (CE412A),YELLOW",545-12A-HTI,709701,HOFFMAN TECHNOLOGIES INC,77-Military stores,1,EA,1
539597,"TONER,HP M451 (CE413A),MAGENTA",545-13A-HTI,709701,HOFFMAN TECHNOLOGIES INC,77-Military stores,1,EA,1
5400482,"TONER,NEW MICR,M404,M428",MCMMICRTHN58A,100,SP RICHARDS,65-Toners/other imaging,1,EA,106
542355,"TONER,REPLACE HP CF212A,YL",ODM251Y,1005539,CLOVER IMAGING GROUP LLC,65-Toners/other imaging,1,EA,0
5474036,"INK,CARTRIDGE,HP,962XL,BLACK",3JA03AN#140,3061,HP INC,14-Inkjet cartridges,1,EA,51
553571,TONER 26X BLACK HIGH YIELD,CF226X,3061,HP INC,14-Inkjet cartridges,1,EA,1
554270,"KIT,MAINTENANCE,LASERJET,110V",B3M77A,1069337,DISTRIBUTION MANAGEMENT INC,65-Toners/other imaging,1,EA,4
559283,"INK,T220,XL,MULTIPACK",T220XL-BCS,1351,EPSON AMERICA INC,14-Inkjet cartridges,1,EA,1
566375,"KIT,IMAGE TRANSFR,CLJ4700",HEWQ7504A,100,SP RICHARDS,65-Toners/other imaging,1,EA,2
567772,"TONER,HP,37YC,EHY,BLACK",CF237YC,419894,HP INC,65-Toners/other imaging,1,EA,85
570963,"TONER,REPLACE,DELL,2150,YL",200659,460088,CLOVER IMAGING GROUP LLC,65-Toners/other imaging,1,EA,2
572186,"TONER,LJ,507A,HP,YELLOW",CE402AG,1069337,DISTRIBUTION MANAGEMENT INC,65-Toners/other imaging,1,EA,1
5753919,"TONER,HP,414A,4 CLR,CMYK",HP414ASET-OD,1069337,DISTRIBUTION MANAGEMENT INC,65-Toners/other imaging,4,PK,5
577093,"INK,EPSON,T802520-S,MULTICLR",T802520-S,1351,EPSON AMERICA INC,14-Inkjet cartridges,1,EA,1
577484,"TONER,HP LJ 1320/TROY MICR",745-49M-ODP,418292,IMAGE PROJECTIONS WEST INC,65-Toners/other imaging,1,EA,150
580255,"CARTRIDGE,STAPLE,HP LJM2727",1925697,7219,TD SYNNEX CORPORATION,65-Toners/other imaging,1,EA,2
583839,"TONER,LJ CC364X,2/PK,BLACK",CC364XD,419894,HP INC,65-Toners/other imaging,2,PK,3
592754,"INK,EPSON,T702XL-BCS,CMYK",T702XL-BCS,1351,EPSON AMERICA INC,14-Inkjet cartridges,1,EA,5
593706,Toner MICR TROY HP 81A LJ M604,745-81A-ODP,416242,IMAGE PROJECTIONS WEST INC,65-Toners/other imaging,1,EA,1
604349,"TONER,STANDARD,BROTHER,BLACK",TN730,1614,BROTHER INTL CORP,65-Toners/other imaging,1,EA,5
606663,"TONER,HP CB541/2/3A,3PK,COLOR",CE259A,1069337,DISTRIBUTION MANAGEMENT INC,65-Toners/other imaging,3,PK,2
616906,"CARTRIDGE,HP LASERJET 4200",Q1338A,419894,HP INC,65-Toners/other imaging,1,EA,5
619658,"CRTDG,DSNJ,HP727,GRY,300ML",F9J80A,3061,HP INC,14-Inkjet cartridges,1,EA,2
6210994,"TONER,HP,37A,BLACK,2 PK",CF237A2PK-OD,1069337,DISTRIBUTION MANAGEMENT INC,65-Toners/other imaging,1,EA,9
6258488,"TONER,REPL,HP,655A,BLK",201094P,460088,CLOVER IMAGING GROUP LLC,65-Toners/other imaging,1,EA,1
628589,"BX,TONER,WST,30K",PR2722,8765,INGRAM MICRO INC,65-Toners/other imaging,12,EA,2
639073,"TONER,HP 652A,LASER JET,BLACK",CF320A,419894,HP INC,65-Toners/other imaging,1,EA,4
642434,"TONER,HP,CF412XC,YL",4432631,7219,TD SYNNEX CORPORATION,65-Toners/other imaging,1,EA,3
645578,LASERJET PRO SHEET FEEDER 550,4332213,7219,TD SYNNEX CORPORATION,65-Toners/other imaging,1,EA,1
646557,"TONER,LASERJET,HP90A,BLACK",CE390A,419894,HP INC,65-Toners/other imaging,1,EA,246
650988,RECYCLING LASER BOX,846517001,478980,CLOVER IMAGING GROUP LLC,14-Inkjet cartridges,1,EA,58
656229,"TONER,HP,657XC,LSRJET,MAGENTA",CF473XC,419894,HP INC,65-Toners/other imaging,1,EA,22
667932,"INK,HP,62XL,BLACK",C2P05AN#140,3061,HP INC,14-Inkjet cartridges,1,EA,8
668139,"INK,HP,62XL,TRI-COLOR",C2P07AN#140,3061,HP INC,14-Inkjet cartridges,1,EA,10
672267,"INK,HP,EXTRA HY,981Y,BLACK",L0R16A,3061,HP INC,14-Inkjet cartridges,1,EA,300
675732,"HP410A,TONER,YELLOW",CF412A,419894,HP INC,65-Toners/other imaging,1,EA,1
678757,"TONER,HP,LJCE255XC,BLACK",CE255XC,419894,HP INC,65-Toners/other imaging,1,EA,62
679882,HP 507X BLACK LJ TONER CRTRDGE,CE400X,419894,HP INC,65-Toners/other imaging,1,EA,39
680134,TONER HP 507A CYAN CRTRDGE,CE401A,419894,HP INC,65-Toners/other imaging,1,EA,51
680143,TONER HP 507A YELLOW  CRTRDG,CE402A,419894,HP INC,65-Toners/other imaging,1,EA,32
680206,TONER HP 507A MAGENTA CRTRD,CE403A,419894,HP INC,65-Toners/other imaging,1,EA,30
680303,"INKCART,CL-241,AST",CNMCL241,100,SP RICHARDS,14-Inkjet cartridges,1,EA,3
6803494,"TONER,CRTRDGE,HY,414X,HP,MGNTA",W2023X,419894,HP INC,65-Toners/other imaging,1,EA,1
6840301,"TONER,HP,212X,KCMY,4PK",HP212XSET-OD,1069337,DISTRIBUTION MANAGEMENT INC,65-Toners/other imaging,1,EA,1
685257,"TONER,LJCE320A,BLACK",CE320A,419894,HP INC,65-Toners/other imaging,1,EA,2
685266,"TONER,LJ CE321A,CYAN",CE321A,419894,HP INC,65-Toners/other imaging,1,EA,2
685779,"TONER,HP4250,HY,BLK",CLPQ5942X,822390,COMPATIBLE LASER PRODUCTS INC,65-Toners/other imaging,1,EA,1
6867153,"TONER,HP,58A,BLACK,2 PK",CF258A2PK-OD,1069337,DISTRIBUTION MANAGEMENT INC,65-Toners/other imaging,1,EA,1
6916370,"TONER,508A,RMN,LJ,M553,CLR,CYN",545-F1A-ODP,418292,IMAGE PROJECTIONS WEST INC,65-Toners/other imaging,1,EA,3
695769,"TONER,BROTHER TN450,HY,BLACK",TN450EA,1614,BROTHER INTL CORP,65-Toners/other imaging,1,EA,1
699639,"TONER,REPLACE BRO TN350,BLACK",ODTN350,1005539,CLOVER IMAGING GROUP LLC,65-Toners/other imaging,1,EA,2
6999867,"TONER,CARTRIDGE,414A,HP,BLACK",W2020A,419894,HP INC,65-Toners/other imaging,1,EA,4
7016671,"TONER,REMAN,87X,BLK",CF287X CMA 87X,948980,M&A GLOBAL CARTRIDGES LLC,65-Toners/other imaging,1,EA,1
7026679,"INK,CARTRIDGE,HP,962XL,YELLOW",3JA02AN#140,3061,HP INC,14-Inkjet cartridges,1,EA,40
7060587,"INK,CARTRIDGE,HP,962XL,CYAN",3JA00AN#140,3061,HP INC,14-Inkjet cartridges,1,EA,47
7093346,"TONER,CARTRIDGE,58A,HP,BLACK",CF258A,3061,HP INC,65-Toners/other imaging,1,EA,1610
7145225,"TONER,HIGHYIELD,MICR,SECUR,BLK",1045414,1247105,A B DISTRIBUTING INC,65-Toners/other imaging,1,EA,33
7145363,"TONER,HIGHYIELD,MICR,SECURE",02-82041-001,1069337,DISTRIBUTION MANAGEMENT INC,65-Toners/other imaging,1,EA,4
716602,"PHOTOCONDUCTR,E250,350,352,450",E250X22G,6229,LEXMARK INTL INC,65-Toners/other imaging,1,EA,49
717181,"INK,HP,EXTRA HY,981Y,MAGENTA",L0R14A,3061,HP INC,14-Inkjet cartridges,1,EA,163
7206549,"TONER,HP,64A,BLACK,2PK",CC364A2PK-OD,1069337,DISTRIBUTION MANAGEMENT INC,65-Toners/other imaging,1,EA,1
723972,"TONER,REPLACE,DELL,2150,MG",200658,460088,CLOVER IMAGING GROUP LLC,65-Toners/other imaging,1,EA,2
7272776,"TONER,HP,148A,W1480A,BLK",W1480A,3061,HP INC,65-Toners/other imaging,1,EA,53
729434,"TONER,HP,657XC,LSRJET,BLK",CF470XC,419894,HP INC,65-Toners/other imaging,1,EA,49
7315653,"INK,CARTRIDGE,HP,962,COMBO,3PK",3YP00AN#140,3061,HP INC,14-Inkjet cartridges,1,EA,4
7322868,"TONER,HP,655A,3 CLR,CMY",HP655ACMY-OD,1069337,DISTRIBUTION MANAGEMENT INC,65-Toners/other imaging,3,PK,1
7418221,"INK,BROTHER,LC3037BKS,BLACK",LC3037BKS,1614,BROTHER INTL CORP,14-Inkjet cartridges,1,EA,3
748498,"CRTDG,HEWCE255A",ELI75478,100,SP RICHARDS,14-Inkjet cartridges,1,EA,1
751134,"TONER,HP,ORIGINAL,202X,BLACK",CF500X,419894,HP INC,65-Toners/other imaging,1,EA,1
752108,"INK,HP,PAGEWIDE,981A,CYAN",J3M68A,3061,HP INC,14-Inkjet cartridges,1,EA,22
753775,"INK,HP 970XL,HY,BLACK",CN625AM,3061,HP INC,14-Inkjet cartridges,1,EA,5
753820,"INK,HP 971XL,HY,CYAN",CN626AM,3061,HP INC,14-Inkjet cartridges,1,EA,5
754404,"TONER,HP 55A,BLACK",OD55AP,1005539,CLOVER IMAGING GROUP LLC,65-Toners/other imaging,1,EA,20
755836,"INK,HP 971XL,MAGENTA",CN627AM,3061,HP INC,14-Inkjet cartridges,1,EA,4
755863,"INK,HP 971XL,HY,YLW",CN628AM,3061,HP INC,14-Inkjet cartridges,1,EA,4
756706,"TONER,HP 305A,LASERJET,CYAN",HEWCE411A,100,SP RICHARDS,65-Toners/other imaging,1,EA,1
762013,HP LJ CE410XC BLK TNR CTG,CE410XC,419894,HP INC,65-Toners/other imaging,1,EA,2
762930,C266X TONER 4K-PGS YELLOW,2K1VC,455461,DELL MARKETING LP,65-Toners/other imaging,1,EA,1
762948,C266X TONER 6000-PGS BLACK,67H2T,455461,DELL MARKETING LP,65-Toners/other imaging,1,EA,1
7629944,"TONER,HP,212A,MGT",8DB712,8765,INGRAM MICRO INC,65-Toners/other imaging,1,EA,152
763101,C266X TONER 4000-PGS CYAN,TW3NN,455461,DELL MARKETING LP,65-Toners/other imaging,1,EA,3
763128,C266X TONER 4K-PGS MAGENTA,V4TG6,455461,DELL MARKETING LP,65-Toners/other imaging,1,EA,1
765172,"TONER,CRTDG,HP,LJ,CF300AC,BLK",CF300AC,419894,HP INC,65-Toners/other imaging,1,EA,42
765289,"TONER,CRTG,HP,LJ,CF301AC,CYAN",CF301AC,419894,HP INC,65-Toners/other imaging,1,EA,46
765370,"TONER,HP,LJ,CF302AC,YLW",CF302AC,419894,HP INC,65-Toners/other imaging,1,EA,24
765388,"TONER,CRTG,HP,LJ,CF303AC,MGNTA",CF303AC,419894,HP INC,65-Toners/other imaging,1,EA,23
766077,"TONER,LASER,HP,CE505A,2PK,BLK",CE505D,3061,HP INC,65-Toners/other imaging,1,EA,12
774300,"CRTDG,LSR,DELL D2150Y,YW",ELI75961,100,SP RICHARDS,65-Toners/other imaging,1,EA,1
7751744,"TONER,RPT,HP 51A,MICR",RPT200511,1009494,RPT TONER LLC,65-Toners/other imaging,1,EA,1
7753890,"TONER,RPT,HP 80A,BK",RPT200551,1009494,RPT TONER LLC,65-Toners/other imaging,1,EA,2
7763667,"TONER,RPT,HP M651/M680,BK",RPT200788,1009494,RPT TONER LLC,65-Toners/other imaging,1,EA,2
7764190,"TONER,RPT,HP M680,MG",RPT200791,1009494,RPT TONER LLC,65-Toners/other imaging,1,EA,2
7764544,"TONER,RPT,HP M880,CY",RPT200798,1009494,RPT TONER LLC,65-Toners/other imaging,1,EA,1
7764576,"TONER,RPT,HP M880,MG",RPT200799,1009494,RPT TONER LLC,65-Toners/other imaging,1,EA,1
7764626,"TONER,RPT,HP M880,YL",RPT200800,1009494,RPT TONER LLC,65-Toners/other imaging,1,EA,1
7766421,"TONER,RPT,LEX E350,HY,BK",RPT115203P,1009494,RPT TONER LLC,65-Toners/other imaging,1,EA,83
7768472,"TONER,RPT,LEX E260,BK",RPT200369P,1009494,RPT TONER LLC,65-Toners/other imaging,1,EA,5
7770176,"TONER,RPT,LEX E330,HY,BK",RPT200662P,1009494,RPT TONER LLC,65-Toners/other imaging,1,EA,27
7772523,"TONER,HP,212X,HY,CYN",W2121X,419894,HP INC,65-Toners/other imaging,1,EA,17
781692,"INK,HP,950,XL,BLACK",CN045AN#140,3061,HP INC,14-Inkjet cartridges,1,EA,3
781764,"INK,HP,951,XL,CYAN",CN046AN#140,3061,HP INC,14-Inkjet cartridges,1,EA,1
782034,"INK,HP,951,XL,MAGENTA",CN047AN#140,3061,HP INC,14-Inkjet cartridges,1,EA,1
782043,"INK,HP,951,XL,YELLOW",CN048AN#140,3061,HP INC,14-Inkjet cartridges,1,EA,1
785415,"TONER,HP,653X LJ MFP 680,YELLW",545-682-ODP,418292,IMAGE PROJECTIONS WEST INC,65-Toners/other imaging,1,EA,2
7893821,"TONER,HP655A,10.5KPG,YW",NSN6961573,100,SP RICHARDS,77-Military stores,1,EA,1
790691,"TONER,HP,653X LJ MFP 680,MGNTA",545-683-ODP,418292,IMAGE PROJECTIONS WEST INC,65-Toners/other imaging,1,EA,1
790742,727 GRAY INK CARTRIDGE 130ML,RM4532,8765,INGRAM MICRO INC,14-Inkjet cartridges,1,EA,11
790769,727 PHOTO BLACK INK CARTRIDGE,RM4531,8765,INGRAM MICRO INC,14-Inkjet cartridges,1,EA,9
790778,727 CYAN INK CARTRIDGE 130ML,RM4527,8765,INGRAM MICRO INC,14-Inkjet cartridges,1,EA,1
790826,"INK,HP,EXTRA HY,981Y,YELLOW",L0R15A,3061,HP INC,14-Inkjet cartridges,1,EA,141
793605,"INK,HP65,ORIGINAL,BLACK",N9K02AN#140,3061,HP INC,14-Inkjet cartridges,1,EA,1
796847,CITIZEN DP-600 RIBBON,11301,479663,IDENTITY GROUP,65-Toners/other imaging,1,EA,3
7981833,"TONER,CRTRDGE,HY,414X,HP,BLACK",W2020X,419894,HP INC,65-Toners/other imaging,1,EA,1
801217,HP - fuser kit,V29150,8765,INGRAM MICRO INC,65-Toners/other imaging,1,EA,7
8019213,"TONER,CARTRIDGE,HP,89A,BLACK",CF289A,419894,HP INC,65-Toners/other imaging,1,EA,19
8030298,"INK,BROTHER,LC3037M,MAGENTA",BRTLC3037M,100,SP RICHARDS,14-Inkjet cartridges,1,EA,1
8033327,"INK,CARTRIDGE,HP,966XL,BLACK",3JA04AN#140,3061,HP INC,14-Inkjet cartridges,1,EA,5
803678,"INK,HP65XL,HIGHYIELD,BLK",N9K04AN#140,3061,HP INC,14-Inkjet cartridges,1,EA,13
810581,"INK,HP,PGWD,HIYLD,981X,BLACK",3Q9757,8765,INGRAM MICRO INC,14-Inkjet cartridges,1,EA,3
813701,HP 87A BLACK TONER,CF287A,3061,HP INC,65-Toners/other imaging,1,EA,7
8223050,"CRTDG,LSR,HP 508A,YW",ELI76285,100,SP RICHARDS,65-Toners/other imaging,1,EA,1
8223073,"CRTDG,LSR,HP 508A,MA",ELI76286,100,SP RICHARDS,65-Toners/other imaging,1,EA,2
826957,"INK,HP,PAGEWIDE,981A,MAGENTA",J3M69A,3061,HP INC,14-Inkjet cartridges,1,EA,5
837462,"INK,HP,PGWD,HIYLD,981X,MAGENTA",L0R10A,3061,HP INC,14-Inkjet cartridges,1,EA,1
8399036,"TONER,HP,212X,HY,BLK",W2120X,419894,HP INC,65-Toners/other imaging,1,EA,31
840208,"CARTRIDGE,INKJET,HP BLACK",C6602A,3061,HP INC,14-Inkjet cartridges,1,EA,337
846476,"KIT,MAINTENANCE,HP,P3015,REMN",130-709-ODP,418292,IMAGE PROJECTIONS WEST INC,65-Toners/other imaging,1,EA,1
8513899,"TONER,HP,212X,HY,MGT",W2123X,419894,HP INC,65-Toners/other imaging,1,EA,16
853120,500G RETURN PROGRAM TONER,QV8520,8765,INGRAM MICRO INC,65-Toners/other imaging,1,EA,8
856552,"MICROMICR MICR TNR,HP LJ 4250",MCMMICRTHN42X,100,SP RICHARDS,65-Toners/other imaging,1,EA,1
8575644,"TONER,CARTRDGE,414A,HP,MAGENTA",W2023A,419894,HP INC,65-Toners/other imaging,1,EA,2
865220,"INKROLL,IR-40,2PK,POS PURPLE",11305,479663,IDENTITY GROUP,65-Toners/other imaging,2,PK,3
866113,"TONER,MPS,Q6470AC,HP,BLK",Q6470AC,419894,HP INC,65-Toners/other imaging,1,EA,10
866158,"TONER,MPS,Q7581AC,HP,CYAN",Q7581AC,419894,HP INC,65-Toners/other imaging,1,EA,2
866167,"TONER,MPS,Q7582AC,YELLOW",Q7582AC,419894,HP INC,65-Toners/other imaging,1,EA,1
866176,"TONER,MPS,Q7583AC,HP,MGNTA",Q7583AC,419894,HP INC,65-Toners/other imaging,1,EA,1
866365,"TONER,CE250X,HP,BLACK",CE250X,419894,HP INC,65-Toners/other imaging,1,EA,2
866370,"TONER,CE251A,HP,CYAN",CE251A,419894,HP INC,65-Toners/other imaging,1,EA,1
866540,"TONER,CE253A,HP,MAGENTA",CE253A,419894,HP INC,65-Toners/other imaging,1,EA,1
866545,"TONER,CE252A,HP,YELLOW",CE252A,419894,HP INC,65-Toners/other imaging,1,EA,1
866550,"TONER,HP CE254A,COLLECTION UNT",CE254A,419894,HP INC,65-Toners/other imaging,1,EA,8
869213,"TONER,LJ,507A,HP,CYAN",HEWCE401AG,100,SP RICHARDS,65-Toners/other imaging,1,EA,1
869881,"CARTRIDGE,HP,LJ,C7115X,ULTRA",C7115X,419894,HP INC,65-Toners/other imaging,1,EA,3
871697,"TONER,LJ,507A,HP,BLACK",RM4671,8765,INGRAM MICRO INC,65-Toners/other imaging,1,EA,1
876830,"TONER,LEX E36X/E46X,9K,HY,BLK",E360H11A,6229,LEXMARK INTL INC,65-Toners/other imaging,1,EA,375
876980,"PHOTO KIT,E260/E36X/E46X,30K",E260X22G,6229,LEXMARK INTL INC,65-Toners/other imaging,1,EA,269
877622,"INK.HP,728,130 ML,MATTE BLACK",F9J68A,3061,HP INC,14-Inkjet cartridges,1,EA,3
877723,"TONER,MPS Q5942YC,HP,BLK",Q5942YC,419894,HP INC,65-Toners/other imaging,1,EA,2
878270,"TONER,HP CE505A,BLACK",HEWCE505A,100,SP RICHARDS,65-Toners/other imaging,1,EA,1
882386,"INK,EPSON,T802XL120-S,BLACK",T802XL120-S,1351,EPSON AMERICA INC,14-Inkjet cartridges,1,EA,1
883741,"TONER,HP 81A,ORG LJ,BLACK",CF281A,419894,HP INC,65-Toners/other imaging,1,EA,112
8846654,"INK,BROTHER,LC3037Y,YELLOW",BRTLC3037Y,100,SP RICHARDS,14-Inkjet cartridges,1,EA,1
890427,"CRTDG,CF280A,BK",IBMTG85P7018,100,SP RICHARDS,65-Toners/other imaging,1,EA,1
891139,"INK,PG-240XXL,CANON,BLACK",5204B001,4205,CANON USA INC,14-Inkjet cartridges,1,EA,3
8916234,"TONER,CARTRIDGE,414A,HP,CYAN",W2021A,419894,HP INC,65-Toners/other imaging,1,EA,2
8943293,"TONER,HY,58X,HP,CONTRACT,BLACK",CF258XC,3061,HP INC,65-Toners/other imaging,1,EA,309
896497,"CARTRIDGE,TNR,HP CE264XC,BLK",CE264XC,419894,HP INC,65-Toners/other imaging,1,EA,33
896524,"CARTRIDGE,TNR,HP CF031AC,CYAN",CF031AC,419894,HP INC,65-Toners/other imaging,1,EA,60
896533,"CARTRIDGE,TNR,HP CF032AC,YLW",CF032AC,419894,HP INC,65-Toners/other imaging,1,EA,41
896578,"CARTRIDGE,TNR,HP CF033AC,MGNTA",CF033AC,419894,HP INC,65-Toners/other imaging,1,EA,27
898107,"KIT,MAINTENANCE,110V",R83104,828959,INGRAM MICRO INC,65-Toners/other imaging,1,EA,2
899051,"TONER,HP,37A,LJ,BLACK",CF237A,419894,HP INC,65-Toners/other imaging,1,EA,43
9041039,"TONER,HP,212A,BLK",W2120A,419894,HP INC,65-Toners/other imaging,1,EA,300
904811,"PAPER,WD FRMT,36X500',WE",ICX90750205,976429,ESSENDANT CO,14-Inkjet cartridges,2,CT,1
9140644,"TONER,CRTRDGE,HY,414X,HP,YELLW",W2022X,419894,HP INC,65-Toners/other imaging,1,EA,1
926232,"TONER,LEXMARK E330/E332 HY",34015HA,6229,LEXMARK INTL INC,65-Toners/other imaging,1,EA,2
9281906,"INK,HP,65 CLR/65XL BLK,2PK",6ZD95AN,3061,HP INC,14-Inkjet cartridges,1,EA,1
933878,"TONER,MICR,HY,TROY 401/HP M401",745-80X-ODP,418292,IMAGE PROJECTIONS WEST INC,65-Toners/other imaging,1,EA,57
937944,"CRTDG,DSNJT,HP727,MA,300ML",F9J77A,3061,HP INC,14-Inkjet cartridges,1,EA,6
940250,"TONER,MICR,P4014,4015,4515,BK",MCMMICRTHN64A,100,SP RICHARDS,65-Toners/other imaging,1,EA,1
9403825,110V MNT KIT FOR LASERJET,HEWL0H24A,100,SP RICHARDS,14-Inkjet cartridges,1,EA,1
941619,"INK,EPSON,T802XL-BCS,MULTICLR",T802XL-BCS,1351,EPSON AMERICA INC,14-Inkjet cartridges,1,EA,1
9441741,"TONER,CARTRDGE,HY,414X,HP,CYAN",W2021X,419894,HP INC,65-Toners/other imaging,1,EA,1
9450637,"CRTDG,LSR,MPC6003,CYN,22.5K",RIC841852,100,SP RICHARDS,65-Toners/other imaging,1,EA,2
9478015,"TONER,RMN,HP 655A,LJ M652,BLK",545-450-ODP,418292,IMAGE PROJECTIONS WEST INC,65-Toners/other imaging,1,EA,3
9478101,"TONER,RMN,HP 655A,LJ M652,CYAN",545-451-ODP,418292,IMAGE PROJECTIONS WEST INC,65-Toners/other imaging,1,EA,1
9503761,"TONER,HP,W2122XC,CNTRCT,YLW",W2122XC,419894,HP INC,65-Toners/other imaging,1,EA,12
951206,"TONER,HP,MPS,508X,MAG",CF363XC,419894,HP INC,65-Toners/other imaging,1,EA,20
952589,727 MATTE BLACK INK CARTRIDGE,3A2482,8765,INGRAM MICRO INC,14-Inkjet cartridges,1,EA,4
954444,"TONER,HP,MPS,508X,BLK",CF360XC,419894,HP INC,65-Toners/other imaging,1,EA,30
958944,"DRUM,LEXMARK E232/E33X",12A8302,6229,LEXMARK INTL INC,65-Toners/other imaging,1,EA,5
9684150,"INK,HP,4-PACK,962,CMY,BLK",3JB34AN#140,3061,HP INC,14-Inkjet cartridges,1,EA,17
9705427,"TONER,CARTRIDGE,414A,HP,YELLOW",W2022A,419894,HP INC,65-Toners/other imaging,1,EA,2
975384,"CARTRIDGE,LASER,HP Q5942X",Q5942X,419894,HP INC,65-Toners/other imaging,1,EA,45
9780313,"CRTDG,LSR,MPC6003,BK,33K",RIC841849,100,SP RICHARDS,65-Toners/other imaging,1,EA,2
985757,"TONER,HP,LJ,655A,MAGENTA",CF453A,419894,HP INC,65-Toners/other imaging,1,EA,208
9895656,"INK,HP,64,CL/64XL,BLK,CMB,2PK",3YP23AN#140,3061,HP INC,14-Inkjet cartridges,1,EA,1
9903275,"TONER,HP655A,12.5KPG,BK",NSN6961570,100,SP RICHARDS,77-Military stores,1,EA,2
991546,"TONER,50F1X00,LEXMARK",50F1X00,6229,LEXMARK INTL INC,65-Toners/other imaging,1,EA,2
991582,"UNIT,IMAGING,50F0ZA0,LEXMARK",50F0ZA0,6229,LEXMARK INTL INC,65-Toners/other imaging,1,EA,10
991764,"TONER,HP LJ 126A,BLACK",CE310A,419894,HP INC,65-Toners/other imaging,1,EA,1
992232,"CARTRIDGE,LASERJET,HP Q5949X",Q5949X,1069337,DISTRIBUTION MANAGEMENT INC,65-Toners/other imaging,1,EA,5
993722,"TONER,HP,CF410XC,BLK",CF410XC,419894,HP INC,65-Toners/other imaging,1,EA,7
9948314,"TONER,HP,90A,BLACK,2 PK",CE390A2PK-OD,1069337,DISTRIBUTION MANAGEMENT INC,65-Toners/other imaging,1,EA,1
995889,"TONER,M402,M426,MICR,3100YIELD",TRS0281575001,8471,ESSENDANT CO,65-Toners/other imaging,1,EA,2
996227,"TONER,REPL,HP,827A,BK",200797,460088,CLOVER IMAGING GROUP LLC,65-Toners/other imaging,1,EA,2
998987,"CRTDG,DSNJT,HP727,YW,300ML",3A4094,8765,INGRAM MICRO INC,14-Inkjet cartridges,1,EA,6
999024,"INK.HP,728,130 ML,CYAN",3A4688,8765,INGRAM MICRO INC,14-Inkjet cartridges,1,EA,3